{"frames": [

{
	"filename": "clap1.png",
	"frame": {"x":0,"y":0,"w":100,"h":100},
	"rotated": false,
	"trimmed": false,
	"spriteSourceSize": {"x":0,"y":0,"w":100,"h":100},
	"sourceSize": {"w":100,"h":100},
	"pivot": {"x":0.5,"y":0.5}
},
{
	"filename": "clap2.png",
	"frame": {"x":100,"y":0,"w":100,"h":100},
	"rotated": false,
	"trimmed": false,
	"spriteSourceSize": {"x":0,"y":0,"w":100,"h":100},
	"sourceSize": {"w":100,"h":100},
	"pivot": {"x":0.5,"y":0.5}
},
{
	"filename": "clap3.png",
	"frame": {"x":200,"y":0,"w":100,"h":100},
	"rotated": false,
	"trimmed": false,
	"spriteSourceSize": {"x":0,"y":0,"w":100,"h":100},
	"sourceSize": {"w":100,"h":100},
	"pivot": {"x":0.5,"y":0.5}
}],
"meta": {
	"app": "http://www.codeandweb.com/texturepacker",
	"version": "1.0",
	"image": "clapJSON.png",
	"format": "RGBA8888",
	"size": {"w":300,"h":100},
	"scale": "1",
	"smartupdate": "$TexturePacker:SmartUpdate:48c24444dc84734200d5855377b2af2f:0399ece13bb8df495f354a6aedde9e68:9bccb99f382c6d679db431c6af971579$"
}
}
