{"frames": [

{
	"filename": "priest1.png",
	"frame": {"x":0,"y":0,"w":80,"h":80},
	"rotated": false,
	"trimmed": false,
	"spriteSourceSize": {"x":0,"y":0,"w":80,"h":80},
	"sourceSize": {"w":80,"h":80},
	"pivot": {"x":0.5,"y":0.5}
},
{
	"filename": "priest2.png",
	"frame": {"x":80,"y":0,"w":80,"h":80},
	"rotated": false,
	"trimmed": false,
	"spriteSourceSize": {"x":0,"y":0,"w":80,"h":80},
	"sourceSize": {"w":80,"h":80},
	"pivot": {"x":0.5,"y":0.5}
},
{
	"filename": "priest3.png",
	"frame": {"x":160,"y":0,"w":80,"h":80},
	"rotated": false,
	"trimmed": false,
	"spriteSourceSize": {"x":0,"y":0,"w":80,"h":80},
	"sourceSize": {"w":80,"h":80},
	"pivot": {"x":0.5,"y":0.5}
},
{
	"filename": "priest4.png",
	"frame": {"x":240,"y":0,"w":80,"h":80},
	"rotated": false,
	"trimmed": false,
	"spriteSourceSize": {"x":0,"y":0,"w":80,"h":80},
	"sourceSize": {"w":80,"h":80},
	"pivot": {"x":0.5,"y":0.5}
}],
"meta": {
	"app": "http://www.codeandweb.com/texturepacker",
	"version": "1.0",
	"image": "priestFrontJSON.png",
	"format": "RGBA8888",
	"size": {"w":320,"h":80},
	"scale": "1",
	"smartupdate": "$TexturePacker:SmartUpdate:ad1ae08e0978fb39de3755cf0d1084d7:fd7643d9c2460b2956f2ceefa57ab1f9:77e31b190a8fbc5850989459056c0e76$"
}
}
